variant	mode	MAP	tie_expected_MAP	top1_rate	recall_at_1	recall_at_5	recall_at_10	retain_exact_at_10	aligned_pairs	dp_cells	search_seconds_median
official_original	exhaustive	0.994171626984127	0.9936135912698413	1.0	0.16666666666666666	0.8229166666666667	1.0	1.0	768	19614969	0.26039795800170396
official_original	single	0.994171626984127	0.9936135912698413	1.0	0.16666666666666666	0.8229166666666667	1.0	1.0	768	19614969	0.4058382920011354
official_original	double	0.9212549603174603	0.9206969246031746	1.0	0.16666666666666666	0.78125	0.9270833333333334	0.925	574	15520964	0.39282737499888754
official_original	double-ungapped	0.9212549603174603	0.9206969246031746	1.0	0.16666666666666666	0.78125	0.9270833333333334	0.90625	534	14458205	0.7020054579988937
official_refit	exhaustive	0.989678724053724	0.9904418498168499	1.0	0.16666666666666666	0.8229166666666667	0.9895833333333334	1.0	768	19614969	0.27090216700162273
official_refit	single	0.989678724053724	0.9904418498168499	1.0	0.16666666666666666	0.8229166666666667	0.9895833333333334	1.0	768	19614969	0.42465816600088147
official_refit	double	0.9167620573870574	0.9175251831501832	1.0	0.16666666666666666	0.78125	0.9166666666666667	0.91875	574	15520964	0.3940588330005994
official_refit	double-ungapped	0.9171626984126985	0.9177064255189256	1.0	0.16666666666666666	0.78125	0.9166666666666667	0.9	533	14396354	0.6665490420018614
learned_refit	exhaustive	0.9527353144540645	0.952597973496411	1.0	0.16666666666666666	0.78125	0.9583333333333334	1.0	768	19614969	0.24655062500096392
learned_refit	single	0.9527353144540645	0.952597973496411	1.0	0.16666666666666666	0.78125	0.9583333333333334	1.0	767	19586199	0.3214997499999299
learned_refit	double	0.9019499914661204	0.9016942417648062	1.0	0.16666666666666666	0.75	0.9270833333333334	0.91875	509	13553326	0.2836477080018085
learned_refit	double-ungapped	0.8948815390851681	0.894543117426182	1.0	0.16666666666666666	0.7395833333333333	0.9166666666666667	0.8875	459	12360286	0.3850200410015532
