index_0	chain	residue_number	insertion_code	aa	cb_status	N_present	N_x	N_y	N_z	CA_present	CA_x	CA_y	CA_z	C_present	C_x	C_y	C_z	CB_present	CB_x	CB_y	CB_z
0	A	1		M	observed	True	27.340	24.430	2.614	True	26.266	25.413	2.842	True	26.913	26.639	3.531	True	25.112	24.880	3.649
1	A	2		Q	observed	True	26.335	27.770	3.258	True	26.850	29.021	3.898	True	26.100	29.253	5.202	True	26.733	30.148	2.905
2	A	3		I	observed	True	26.849	29.656	6.217	True	26.235	30.058	7.497	True	26.882	31.428	7.862	True	26.344	29.050	8.645
3	A	4		F	observed	True	26.214	32.097	8.771	True	26.772	33.436	9.197	True	27.151	33.362	10.650	True	25.695	34.498	8.946
4	A	5		V	observed	True	28.260	33.943	11.096	True	28.605	33.965	12.503	True	28.638	35.461	12.900	True	29.963	33.317	12.814
5	A	6		K	observed	True	27.751	35.867	13.740	True	27.691	37.315	14.143	True	28.469	37.475	15.420	True	26.219	37.684	14.307
6	A	7		T	observed	True	29.426	38.430	15.446	True	30.225	38.643	16.662	True	29.664	39.839	17.434	True	31.744	38.879	16.299
7	A	8		L	observed	True	30.132	40.069	18.642	True	29.607	41.180	19.467	True	30.075	42.538	18.984	True	29.919	40.890	20.938
8	A	9		T	observed	True	30.991	42.571	17.998	True	31.422	43.940	17.553	True	30.755	44.351	16.277	True	32.979	43.918	17.445
9	A	10		G	glycine_no_cb	True	29.721	43.673	15.885	True	28.978	43.960	14.678	True	29.604	43.507	13.393	False			
10	A	11		K	observed	True	30.563	42.623	13.495	True	31.191	42.012	12.331	True	30.459	40.666	12.130	True	32.672	41.717	12.505
11	A	12		T	observed	True	30.163	40.338	10.886	True	29.542	39.020	10.653	True	30.494	38.261	9.729	True	28.113	39.049	10.015
12	A	13		I	observed	True	30.795	37.015	10.095	True	31.720	36.289	9.176	True	30.955	35.211	8.459	True	32.995	35.883	9.934
13	A	14		T	observed	True	31.244	34.986	7.197	True	30.505	33.884	6.512	True	31.409	32.680	6.446	True	30.091	34.393	5.078
14	A	15		L	observed	True	30.884	31.485	6.666	True	31.677	30.275	6.639	True	31.022	29.288	5.665	True	31.562	29.686	8.045
15	A	16		E	observed	True	31.834	28.412	5.125	True	31.220	27.341	4.275	True	31.440	26.079	5.080	True	31.827	27.262	2.894
16	A	17		V	observed	True	30.310	25.458	5.384	True	30.288	24.245	6.193	True	29.279	23.227	5.641	True	29.903	24.590	7.665
17	A	18		E	observed	True	29.380	22.057	6.232	True	28.468	20.940	5.980	True	27.819	20.609	7.316	True	29.213	19.697	5.506
18	A	19		P	observed	True	26.559	20.220	7.288	True	25.829	19.825	8.494	True	26.541	18.732	9.251	True	24.469	19.332	7.952
19	A	20		S	observed	True	27.361	17.959	8.559	True	28.054	16.835	9.210	True	29.258	17.318	9.984	True	28.523	15.820	8.182
20	A	21		D	observed	True	29.599	18.599	9.828	True	30.796	19.083	10.566	True	30.491	19.162	12.040	True	31.155	20.515	10.048
21	A	22		T	observed	True	31.510	18.936	12.852	True	31.398	19.064	14.286	True	31.593	20.553	14.655	True	32.492	18.193	14.995
22	A	23		I	observed	True	31.113	20.863	15.860	True	31.288	22.201	16.417	True	32.776	22.519	16.577	True	30.520	22.300	17.764
23	A	24		E	observed	True	33.548	21.526	16.950	True	35.031	21.722	17.069	True	35.615	22.190	15.759	True	35.667	20.383	17.447
24	A	25		N	observed	True	35.139	21.624	14.662	True	35.590	21.945	13.302	True	35.238	23.382	12.920	True	35.064	20.957	12.255
25	A	26		V	observed	True	34.007	23.745	13.250	True	33.533	25.097	12.978	True	34.441	26.099	13.684	True	32.060	25.257	13.364
26	A	27		K	observed	True	34.734	25.822	14.949	True	35.596	26.715	15.736	True	36.975	26.826	15.107	True	35.715	26.203	17.172
27	A	28		A	observed	True	37.499	25.743	14.571	True	38.794	25.761	13.880	True	38.728	26.591	12.611	True	39.285	24.336	13.566
28	A	29		K	observed	True	37.633	26.543	11.867	True	37.471	27.391	10.668	True	37.441	28.882	11.052	True	36.193	27.058	9.911
29	A	30		I	observed	True	36.811	29.170	12.192	True	36.731	30.570	12.645	True	38.148	30.981	13.069	True	35.708	30.776	13.806
30	A	31		Q	observed	True	38.883	30.110	13.713	True	40.269	30.508	14.115	True	41.092	30.808	12.851	True	40.996	29.399	14.865
31	A	32		D	observed	True	41.001	29.878	11.931	True	41.718	30.022	10.643	True	41.399	31.338	9.967	True	41.398	28.780	9.810
32	A	33		K	observed	True	40.117	31.750	9.988	True	39.808	32.994	9.233	True	39.837	34.271	9.995	True	38.615	32.801	8.320
33	A	34		E	observed	True	39.655	34.335	11.285	True	39.676	35.547	12.072	True	40.675	35.527	13.200	True	38.290	35.814	12.698
34	A	35		G	glycine_no_cb	True	41.317	34.393	13.432	True	42.345	34.269	14.431	True	41.949	34.076	15.842	False			
35	A	36		I	observed	True	40.642	33.916	16.112	True	40.226	33.716	17.509	True	40.449	32.278	17.945	True	38.693	34.106	17.595
36	A	37		P	observed	True	41.189	32.085	19.031	True	41.461	30.751	19.594	True	40.168	30.026	19.918	True	42.195	31.142	20.913
37	A	38		P	observed	True	40.059	28.758	19.607	True	38.817	28.020	19.889	True	38.421	28.048	21.341	True	39.090	26.629	19.325
38	A	39		D	observed	True	39.374	28.090	22.240	True	39.063	28.063	23.695	True	38.365	29.335	24.159	True	40.340	27.692	24.468
39	A	40		Q	observed	True	38.419	30.373	23.341	True	37.738	31.637	23.712	True	36.334	31.742	23.087	True	38.528	32.854	23.182
40	A	41		Q	observed	True	36.000	30.860	22.172	True	34.738	30.875	21.473	True	33.589	30.189	22.181	True	34.876	30.237	20.066
41	A	42		R	observed	True	32.478	30.917	22.269	True	31.200	30.329	22.780	True	30.210	30.509	21.650	True	30.847	30.931	24.118
42	A	43		L	observed	True	29.694	29.436	21.054	True	28.762	29.573	19.906	True	27.331	29.317	20.364	True	29.151	28.655	18.755
43	A	44		I	observed	True	26.436	30.232	20.004	True	25.034	30.170	20.401	True	24.101	30.149	19.196	True	24.639	31.426	21.286
44	A	45		F	observed	True	23.141	29.187	19.241	True	22.126	29.062	18.183	True	20.835	28.629	18.904	True	22.494	28.057	17.109
45	A	46		A	observed	True	19.810	29.378	18.578	True	18.443	29.143	19.083	True	18.453	28.941	20.591	True	17.864	27.977	18.346
46	A	47		G	glycine_no_cb	True	19.172	29.808	21.243	True	19.399	29.894	22.655	True	20.083	28.729	23.321	False			
47	A	48		K	observed	True	20.801	27.931	22.578	True	21.550	26.796	23.133	True	23.046	27.087	22.913	True	21.242	25.519	22.391
48	A	49		Q	observed	True	23.880	26.727	23.851	True	25.349	26.872	23.643	True	25.743	25.586	22.922	True	26.070	27.025	24.960
49	A	50		L	observed	True	26.465	25.689	21.833	True	26.826	24.521	21.012	True	27.994	23.781	21.643	True	27.043	24.992	19.571
50	A	51		E	observed	True	27.942	22.448	21.648	True	29.015	21.657	22.288	True	29.942	21.106	21.240	True	28.348	20.540	23.066
51	A	52		D	observed	True	31.233	21.090	21.459	True	32.262	20.670	20.514	True	32.128	19.364	19.750	True	33.638	20.716	21.242
52	A	53		G	glycine_no_cb	True	31.697	18.311	20.406	True	31.568	16.962	19.825	True	30.320	16.698	19.051	False			
53	A	54		R	observed	True	29.340	17.594	19.076	True	28.108	17.439	18.276	True	28.375	17.999	16.887	True	26.926	18.191	18.892
54	A	55		T	observed	True	27.510	17.689	15.954	True	27.574	18.192	14.563	True	26.482	19.280	14.432	True	27.299	17.055	13.533
55	A	56		L	observed	True	26.585	20.063	13.378	True	25.594	21.109	13.072	True	24.241	20.436	12.857	True	26.084	21.888	11.833
56	A	57		S	observed	True	24.240	19.233	12.246	True	22.924	18.583	12.025	True	22.229	18.244	13.325	True	23.059	17.326	11.154
57	A	58		D	observed	True	22.997	17.978	14.366	True	22.418	17.638	15.693	True	21.460	18.737	16.163	True	23.461	17.331	16.741
58	A	59		Y	observed	True	21.846	19.954	15.905	True	21.079	21.149	16.251	True	20.142	21.590	15.149	True	22.085	22.254	16.581
59	A	60		N	observed	True	19.993	20.884	14.049	True	19.065	21.352	12.999	True	19.442	22.745	12.510	True	17.586	21.282	13.461
60	A	61		I	observed	True	20.717	22.964	12.260	True	21.184	24.263	11.690	True	21.110	24.111	10.173	True	22.650	24.516	12.172
61	A	62		Q	observed	True	20.291	24.875	9.507	True	20.081	24.773	8.033	True	20.822	25.914	7.332	True	18.599	24.736	7.727
62	A	63		K	observed	True	20.924	25.862	6.006	True	21.656	26.847	5.240	True	21.127	28.240	5.574	True	21.631	26.642	3.731
63	A	64		E	observed	True	22.099	29.163	5.605	True	21.907	30.563	5.881	True	21.466	30.953	7.261	True	21.023	31.223	4.784
64	A	65		S	observed	True	21.674	30.034	8.191	True	21.419	30.253	9.620	True	22.504	31.228	10.136	True	21.637	28.923	10.353
65	A	66		T	observed	True	22.241	31.873	11.241	True	23.212	32.762	11.891	True	23.509	32.224	13.290	True	22.699	34.267	11.985
66	A	67		L	observed	True	24.790	32.021	13.618	True	25.149	31.609	14.980	True	25.698	32.876	15.669	True	26.310	30.594	14.967
67	A	68		H	observed	True	25.621	32.945	16.950	True	26.179	34.127	17.650	True	27.475	33.651	18.304	True	25.214	34.565	18.780
68	A	69		L	observed	True	28.525	34.447	18.189	True	29.801	34.145	18.829	True	30.052	35.042	20.004	True	30.925	34.304	17.753
69	A	70		V	observed	True	30.124	34.533	21.191	True	30.479	35.369	22.374	True	31.901	34.910	22.728	True	29.472	35.181	23.498
70	A	71		L	observed	True	32.763	35.831	23.090	True	34.145	35.472	23.481	True	34.239	35.353	24.979	True	35.114	36.564	22.907
71	A	72		R	observed	True	34.930	34.384	25.451	True	35.161	34.174	26.896	True	36.671	34.296	27.089	True	34.717	32.760	27.286
72	A	73		L	observed	True	37.197	35.397	27.513	True	38.668	35.502	27.680	True	39.076	34.931	29.031	True	39.080	36.941	27.406
73	A	74		R	observed	True	40.294	34.412	29.045	True	40.873	33.802	30.253	True	41.765	34.829	30.944	True	41.651	32.529	29.923
74	A	75		G	glycine_no_cb	True	41.165	35.531	31.898	True	41.845	36.550	32.686	True	41.251	37.941	32.588	False			
75	A	76		G	glycine_no_cb	True	40.946	38.472	33.757	True	40.373	39.813	33.944	True	40.031	39.992	35.432	False			
