sequence_index_0	chain	pdb_residue_number	insertion_code	residue_name	aa	ca_x	ca_y	ca_z	official_3di_char
0	A	1		MET	M	26.266	25.413	2.842	D
1	A	2		GLN	Q	26.850	29.021	3.898	W
2	A	3		ILE	I	26.235	30.058	7.497	E
3	A	4		PHE	F	26.772	33.436	9.197	W
4	A	5		VAL	V	28.605	33.965	12.503	E
5	A	6		LYS	K	27.691	37.315	14.143	A
6	A	7		THR	T	30.225	38.643	16.662	E
7	A	8		LEU	L	29.607	41.180	19.467	P
8	A	9		THR	T	31.422	43.940	17.553	V
9	A	10		GLY	G	28.978	43.960	14.678	R
10	A	11		LYS	K	31.191	42.012	12.331	D
11	A	12		THR	T	29.542	39.020	10.653	I
12	A	13		ILE	I	31.720	36.289	9.176	D
13	A	14		THR	T	30.505	33.884	6.512	I
14	A	15		LEU	L	31.677	30.275	6.639	D
15	A	16		GLU	E	31.220	27.341	4.275	D
16	A	17		VAL	V	30.288	24.245	6.193	D
17	A	18		GLU	E	28.468	20.940	5.980	D
18	A	19		PRO	P	25.829	19.825	8.494	Q
19	A	20		SER	S	28.054	16.835	9.210	Q
20	A	21		ASP	D	30.796	19.083	10.566	A
21	A	22		THR	T	31.398	19.064	14.286	F
22	A	23		ILE	I	31.288	22.201	16.417	P
23	A	24		GLU	E	35.031	21.722	17.069	L
24	A	25		ASN	N	35.590	21.945	13.302	V
25	A	26		VAL	V	33.533	25.097	12.978	V
26	A	27		LYS	K	35.596	26.715	15.736	L
27	A	28		ALA	A	38.794	25.761	13.880	V
28	A	29		LYS	K	37.471	27.391	10.668	V
29	A	30		ILE	I	36.731	30.570	12.645	V
30	A	31		GLN	Q	40.269	30.508	14.115	C
31	A	32		ASP	D	41.718	30.022	10.643	V
32	A	33		LYS	K	39.808	32.994	9.233	P
33	A	34		GLU	E	39.676	35.547	12.072	P
34	A	35		GLY	G	42.345	34.269	14.431	N
35	A	36		ILE	I	40.226	33.716	17.509	D
36	A	37		PRO	P	41.461	30.751	19.594	D
37	A	38		PRO	P	38.817	28.020	19.889	S
38	A	39		ASP	D	39.063	28.063	23.695	V
39	A	40		GLN	Q	37.738	31.637	23.712	F
40	A	41		GLN	Q	34.738	30.875	21.473	W
41	A	42		ARG	R	31.200	30.329	22.780	F
42	A	43		LEU	L	28.762	29.573	19.906	K
43	A	44		ILE	I	25.034	30.170	20.401	A
44	A	45		PHE	F	22.126	29.062	18.183	D
45	A	46		ALA	A	18.443	29.143	19.083	P
46	A	47		GLY	G	19.399	29.894	22.655	R
47	A	48		LYS	K	21.550	26.796	23.133	D
48	A	49		GLN	Q	25.349	26.872	23.643	T
49	A	50		LEU	L	26.826	24.521	21.012	G
50	A	51		GLU	E	29.015	21.657	22.288	D
51	A	52		ASP	D	32.262	20.670	20.514	G
52	A	53		GLY	G	31.568	16.962	19.825	G
53	A	54		ARG	R	28.108	17.439	18.276	H
54	A	55		THR	T	27.574	18.192	14.563	G
55	A	56		LEU	L	25.594	21.109	13.072	N
56	A	57		SER	S	22.924	18.583	12.025	V
57	A	58		ASP	D	22.418	17.638	15.693	V
58	A	59		TYR	Y	21.079	21.149	16.251	V
59	A	60		ASN	N	19.065	21.352	12.999	P
60	A	61		ILE	I	21.184	24.263	11.690	Q
61	A	62		GLN	Q	20.081	24.773	8.033	D
62	A	63		LYS	K	21.656	26.847	5.240	P
63	A	64		GLU	E	21.907	30.563	5.881	H
64	A	65		SER	S	21.419	30.253	9.620	Y
65	A	66		THR	T	23.212	32.762	11.891	Y
66	A	67		LEU	L	25.149	31.609	14.980	I
67	A	68		HIS	H	26.179	34.127	17.650	Y
68	A	69		LEU	L	29.801	34.145	18.829	I
69	A	70		VAL	V	30.479	35.369	22.374	Y
70	A	71		LEU	L	34.145	35.472	23.481	T
71	A	72		ARG	R	35.161	34.174	26.896	H
72	A	73		LEU	L	38.668	35.502	27.680	D
73	A	74		ARG	R	40.873	33.802	30.253	D
74	A	75		GLY	G	41.845	36.550	32.686	D
75	A	76		GLY	G	40.373	39.813	33.944	D
