pairs	seed	validation_loss	validation_MAP	test_MAP
38	17	0.16954406308302586	0.6476509646495908	0.6913442754095405
38	29	0.1729741412542303	0.6647603073070717	0.7425895080487409
38	43	0.17140511565038308	0.6350639293043966	0.7413979525356279
38	59	0.17943073279004593	0.6469593861423931	0.7275226526526072
38	71	0.16541869252415253	0.6352561451111761	0.7259405148678725
76	17	0.18512398932573437	0.6471019505782504	0.7377058881428966
76	29	0.1730473321919675	0.6450642633104049	0.7417914711777602
76	43	0.19634179028814172	0.655645300197251	0.7374006041537052
76	59	0.1712987545639875	0.6588051064181578	0.7214740759956352
76	71	0.17570714246112598	0.6276664758064335	0.7474598796820932
152	17	0.18012216315383958	0.6432186733303544	0.731716794695138
152	29	0.17640994642501218	0.6330488264932944	0.7304341882381593
152	43	0.19899458199334868	0.6377486223701733	0.7301724433175215
152	59	0.1722467911339737	0.63037938502944	0.7235013170616547
152	71	0.1696081208845695	0.6332546975836179	0.7278705243286241
