setting	variant	gap_open	gap_extend	view	MAP	recall_at_10	top1_rate	tie_expected_MAP	query_count	search_seconds
common	official_original	10	1	all	0.7502031845457539	0.7716150793650794	0.87	0.7484523822796055	100	3.1447279999993043
common	official_original	10	1	cross_family	0.6635693319735858	0.736654761904762	0.74	0.6610975723311564	100	3.1447279999993043
common	official_original	10	1	same_fold	0.8240792123237973	0.8796150793650793	0.89	0.8227145168207044	100	3.1447279999993043
common	official_original	10	1	other_fold	0.8276090739723305	0.8292380952380952	0.91	0.8268821315830348	100	3.1447279999993043
selected	official_original	6	1	all	0.7439574651668093	0.7649206349206349	0.86	0.7435360621482969	100	3.141189124999073
selected	official_original	6	1	cross_family	0.6550797033699272	0.7283769841269842	0.71	0.6536175262553191	100	3.141189124999073
selected	official_original	6	1	same_fold	0.8192857599735079	0.8695873015873016	0.88	0.8185998267078841	100	3.141189124999073
selected	official_original	6	1	other_fold	0.8213407744023077	0.8324603174603175	0.91	0.8210281715331071	100	3.141189124999073
common	official_refit	10	1	all	0.7486195178683985	0.7770873015873017	0.87	0.7482805177940454	100	3.1390488329998334
common	official_refit	10	1	cross_family	0.662947929071933	0.7665992063492064	0.74	0.662976293889608	100	3.1390488329998334
common	official_refit	10	1	same_fold	0.8212184009311043	0.8781825396825397	0.89	0.8207483430004342	100	3.1390488329998334
common	official_refit	10	1	other_fold	0.8293963009865061	0.8349603174603175	0.92	0.8289776590144698	100	3.1390488329998334
selected	official_refit	6	1	all	0.735552380218771	0.7775873015873016	0.85	0.7365021051706614	100	3.160091583002213
selected	official_refit	6	1	cross_family	0.6437459777203568	0.7474047619047619	0.69	0.6466348921826734	100	3.160091583002213
selected	official_refit	6	1	same_fold	0.8140420999258261	0.8690873015873016	0.88	0.8135159466992262	100	3.160091583002213
selected	official_refit	6	1	other_fold	0.8172764586378729	0.8429603174603176	0.9	0.8182792340349558	100	3.160091583002213
common	learned_refit	10	1	all	0.7412134358716703	0.7696309523809524	0.84	0.741454059702469	100	3.152713791001588
common	learned_refit	10	1	cross_family	0.6412106367463692	0.7215595238095238	0.7	0.6424145952841	100	3.152713791001588
common	learned_refit	10	1	same_fold	0.8306259877269895	0.8760595238095239	0.87	0.8303213248935378	100	3.152713791001588
common	learned_refit	10	1	other_fold	0.8035385551205131	0.8401428571428572	0.89	0.8030271731163225	100	3.152713791001588
selected	learned_refit	10	1	all	0.7412134358716703	0.7696309523809524	0.84	0.741454059702469	100	3.152713791001588
selected	learned_refit	10	1	cross_family	0.6412106367463692	0.7215595238095238	0.7	0.6424145952841	100	3.152713791001588
selected	learned_refit	10	1	same_fold	0.8306259877269895	0.8760595238095239	0.87	0.8303213248935378	100	3.152713791001588
selected	learned_refit	10	1	other_fold	0.8035385551205131	0.8401428571428572	0.89	0.8030271731163225	100	3.152713791001588
